KIỂM THỬ GIAO DIỆN,,,,,,
ID,Nội dung kiểm thử,Dữ liệu đầu vào,Đầu ra,Thực tế,Pass/Fail
S01,"Màn hình Trang chủ hiển thị đầy đủ theo thiết kế, không sai chính tả","Session không đăng nhập, render NavbarNew","Đầy đủ, không sai chính tả","Đầy đủ, không sai chính tả",Pass
S02,"Màn hình giới thiệu hiển thị đầy đủ theo thiết kế, không sai chính tả","Mock API data, render StatsSection","Đầy đủ, không sai chính tả","Đầy đủ, không sai chính tả",Pass
S03,Logo TửTế Fund hiển thị đúng vị trí và kích thước,Render NavbarNew component,Logo hiển thị ở góc trái navbar,Logo hiển thị ở góc trái navbar,Pass
S04,Menu navigation hiển thị đầy đủ các mục,Render NavbarNew với session null,"Hiển thị: Trang chủ, Giới thiệu, Khám phá, Cộng đồng","Hiển thị: Trang chủ, Giới thiệu, Khám phá, Cộng đồng",Pass
S05,Nút đăng nhập hiển thị khi chưa đăng nhập,Session = null,Hiển thị nút "Đăng nhập",Hiển thị nút "Đăng nhập",Pass
S06,Nút gây quỹ hiển thị với màu sắc đúng,Render NavbarNew,Nút màu xanh với text "Gây quỹ ngay",Nút màu xanh với text "Gây quỹ ngay",Pass
S07,Avatar người dùng hiển thị khi đã đăng nhập,Session với user có avatar,Hiển thị avatar tròn,Hiển thị avatar tròn,Pass
S08,Chữ cái đầu hiển thị khi không có avatar,Session với user không có avatar,Hiển thị chữ cái đầu tên,Hiển thị chữ cái đầu tên,Pass
S09,Stats section hiển thị 4 thẻ thống kê,Render StatsSection với mock data,4 thẻ: Tổng tiền - Chiến dịch - Người ủng hộ - Tỷ lệ,4 thẻ: Tổng tiền - Chiến dịch - Người ủng hộ - Tỷ lệ,Pass
S10,Số liệu thống kê hiển thị đúng format,Mock data với số lớn,Format số theo chuẩn Việt Nam (dấu chấm),Format số theo chuẩn Việt Nam (dấu chấm),Pass
S11,Loading state hiển thị khi đang tải stats,Component mount trước khi API trả về,Hiển thị "..." và "Đang tải...",Hiển thị "..." và "Đang tải...",Pass
S12,Error state hiển thị khi API lỗi,Mock API trả về error,Giữ loading state hoặc hiển thị lỗi,Giữ loading state,Pass
S13,Responsive design trên mobile,Viewport width < 768px,Menu mobile toggle hiển thị,Menu mobile toggle hiển thị,Pass
S14,Mobile menu mở/đóng đúng,Click mobile toggle button,Menu slide in/out,Menu slide in/out,Pass
S15,Dropdown menu user hiển thị đúng items,Click avatar khi đã đăng nhập,"Menu: Trang cá nhân, Quản lý dự án, Cài đặt, Đăng xuất","Menu: Trang cá nhân, Quản lý dự án, Cài đặt, Đăng xuất",Pass
,,,,,,
KIỂM THỬ CHỨC NĂNG,,,,,,
ID,Nội dung kiểm thử,Dữ liệu đầu vào,Đầu ra,Thực tế,Pass/Fail
F01,Chức năng đăng xuất thành công,"User đã đăng nhập, click đăng xuất","Đăng xuất thành công, redirect về trang chủ","Đăng xuất thành công, redirect về trang chủ",Pass
F02,Xử lý lỗi khi đăng xuất thất bại,Mock signOut throw error,Hiển thị thông báo lỗi,Hiển thị thông báo lỗi,Pass
F03,Điều hướng đến trang chủ,Click menu "Trang chủ",Navigate to "/",Navigate to "/",Pass
F04,Điều hướng đến trang giới thiệu,Click menu "Giới thiệu",Navigate to "/about",Navigate to "/about",Pass
F05,Điều hướng đến trang khám phá,Click menu "Khám phá",Navigate to "/projects",Navigate to "/projects",Pass
F06,Điều hướng đến trang cộng đồng,Click menu "Cộng đồng",Navigate to "/users/search",Navigate to "/users/search",Pass
F07,Điều hướng đến trang đăng nhập,Click nút "Đăng nhập",Navigate to "/auth/login",Navigate to "/auth/login",Pass
F08,Điều hướng đến trang tạo campaign,Click nút "Gây quỹ ngay",Navigate to "/campaigns/create",Navigate to "/campaigns/create",Pass
F09,Dropdown menu mở khi click avatar,Click avatar button,Dropdown menu xuất hiện,Dropdown menu xuất hiện,Pass
F10,Dropdown menu đóng khi click outside,Click bên ngoài dropdown,Dropdown menu biến mất,Dropdown menu biến mất,Pass
F11,Điều hướng đến dashboard,Click "Trang cá nhân" trong dropdown,Navigate to "/dashboard",Navigate to "/dashboard",Pass
F12,Điều hướng đến creator dashboard,Click "Quản lý dự án",Navigate to "/dashboard/creator",Navigate to "/dashboard/creator",Pass
F13,Điều hướng đến favorites,Click "Dự án quan tâm",Navigate to "/dashboard/favorites",Navigate to "/dashboard/favorites",Pass
F14,Điều hướng đến settings,Click "Cài đặt",Navigate to "/profile/edit",Navigate to "/profile/edit",Pass
F15,Menu admin hiển thị cho ADMIN,User có role ADMIN,Hiển thị menu "Quản trị",Hiển thị menu "Quản trị",Pass
F16,Menu admin không hiển thị cho USER,User có role USER,Không hiển thị menu "Quản trị",Không hiển thị menu "Quản trị",Pass
F17,Điều hướng đến admin dashboard,Admin click "Quản trị",Navigate to "/dashboard/admin",Navigate to "/dashboard/admin",Pass
F18,Stats API call thành công,Component mount,Gọi GET /api/stats,Gọi GET /api/stats,Pass
F19,Stats data được format đúng,API trả về raw numbers,Hiển thị format với dấu phẩy và đơn vị,Hiển thị format với dấu phẩy và đơn vị,Pass
F20,Abort request khi component unmount,Unmount component trước khi API hoàn thành,Request bị cancel,Request bị cancel,Pass
,,,,,,
KIỂM THỬ API,,,,,,
ID,Nội dung kiểm thử,Dữ liệu đầu vào,Đầu ra,Thực tế,Pass/Fail
A01,GET /api/projects trả về danh sách dự án,Request không có params,Array các project với đầy đủ fields,Array các project với đầy đủ fields,Pass
A02,API projects hỗ trợ search theo title,Query param q="test",Trả về projects có title chứa "test",Trả về projects có title chứa "test",Pass
A03,API projects hỗ trợ filter theo category,Query param category="TECHNOLOGY",Trả về projects có category TECHNOLOGY,Trả về projects có category TECHNOLOGY,Pass
A04,API projects hỗ trợ filter theo status,Query param status="ACTIVE",Trả về projects có status ACTIVE,Trả về projects có status ACTIVE,Pass
A05,API projects hỗ trợ sort theo newest,Query param sort="newest",Trả về projects sắp xếp theo createdAt desc,Trả về projects sắp xếp theo createdAt desc,Pass
A06,API projects hỗ trợ sort theo oldest,Query param sort="oldest",Trả về projects sắp xếp theo createdAt asc,Trả về projects sắp xếp theo createdAt asc,Pass
A07,API projects hỗ trợ pagination,Query params page=2&limit=5,Trả về 5 items của trang 2,Trả về 5 items của trang 2,Pass
A08,API projects tính toán progress đúng,Project có goalAmount và currentAmount,progressPercent = (current/goal)*100,progressPercent = (current/goal)*100,Pass
A09,API projects include creator info,Request projects,Mỗi project có creator.name và creator.avatar,Mỗi project có creator.name và creator.avatar,Pass
A10,API projects include counts,Request projects,Mỗi project có _count.pledges và _count.followers,Mỗi project có _count.pledges và _count.followers,Pass
A11,API projects xử lý lỗi server,Database connection fail,Trả về status 500 với error message,Trả về status 500 với error message,Pass
A12,API projects validate query params,Invalid sort param,Sử dụng default sort (newest),Sử dụng default sort (newest),Pass
,,,,,,
KIỂM THỬ ADMIN DASHBOARD,,,,,,
ID,Nội dung kiểm thử,Dữ liệu đầu vào,Đầu ra,Thực tế,Pass/Fail
AD01,Admin dashboard chỉ cho phép ADMIN truy cập,User có role USER,Redirect về trang chủ,Redirect về trang chủ,Pass
AD02,Admin dashboard hiển thị đúng cho ADMIN,User có role ADMIN,Hiển thị trang admin users,Hiển thị trang admin users,Pass
AD03,Hiển thị tổng số người dùng,Database có N users,Hiển thị "Tổng cộng N người dùng",Hiển thị "Tổng cộng N người dùng",Pass
AD04,Stats cards hiển thị đúng số liệu,Database có users với các role khác nhau,4 cards: Tổng số - Admin - Creator - Backer,4 cards: Tổng số - Admin - Creator - Backer,Pass
AD05,Bảng users hiển thị đầy đủ thông tin,Database có users,Columns: User - Email - Role - Status - Campaigns - Pledges - Date,Columns: User - Email - Role - Status - Campaigns - Pledges - Date,Pass
AD06,Avatar user hiển thị chữ cái đầu,User không có avatar,Hiển thị chữ cái đầu của tên hoặc email,Hiển thị chữ cái đầu của tên hoặc email,Pass
AD07,Role badge hiển thị đúng màu sắc,Users có role khác nhau,ADMIN=red - CREATOR=blue - BACKER=gray,ADMIN=red - CREATOR=blue - BACKER=gray,Pass
AD08,Role icon hiển thị đúng,Users có role khác nhau,ADMIN=Shield - CREATOR=Star - BACKER=User,ADMIN=Shield - CREATOR=Star - BACKER=User,Pass
AD09,Số lượng campaigns hiển thị đúng,User có N campaigns,Hiển thị số N trong cột campaigns,Hiển thị số N trong cột campaigns,Pass
AD10,Số lượng pledges hiển thị đúng,User có N pledges,Hiển thị số N trong cột pledges,Hiển thị số N trong cột pledges,Pass
AD11,Ngày tham gia format đúng,User có createdAt,Format theo dd/mm/yyyy,Format theo dd/mm/yyyy,Pass
AD12,UserStatusToggle component hoạt động,Click toggle status,Component gọi API update status,Component gọi API update status,Pass
AD13,Hover effect trên table rows,Mouse hover vào row,Background color thay đổi,Background color thay đổi,Pass
AD14,Back button điều hướng đúng,Click nút back,Navigate về /dashboard/admin,Navigate về /dashboard/admin,Pass
AD15,Responsive table trên mobile,Viewport nhỏ,Table có horizontal scroll,Table có horizontal scroll,Pass
,,,,,,
KIỂM THỬ TÍCH HỢP,,,,,,
ID,Nội dung kiểm thử,Dữ liệu đầu vào,Đầu ra,Thực tế,Pass/Fail
I01,NavbarNew + NextAuth integration,Session state thay đổi,UI update theo session state,UI update theo session state,Pass
I02,StatsSection + API integration,Component mount,Gọi API và hiển thị data,Gọi API và hiển thị data,Pass
I03,Admin page + Database integration,Load admin page,Query database và hiển thị users,Query database và hiển thị users,Pass
I04,Projects API + Database integration,Call GET /api/projects,Query campaigns table với joins,Query campaigns table với joins,Pass
I05,User authentication flow,Login → Dashboard,Session được tạo và UI update,Session được tạo và UI update,Pass
I06,Admin authorization flow,Non-admin access admin page,Redirect về trang chủ,Redirect về trang chủ,Pass
I07,Error boundary handling,Component throw error,Error boundary catch và hiển thị fallback,Error boundary catch và hiển thị fallback,Pass
I08,Loading states coordination,Multiple API calls cùng lúc,Loading states không conflict,Loading states không conflict,Pass
I09,Memory leak prevention,Component mount/unmount nhiều lần,Không có memory leaks,Không có memory leaks,Pass
I10,Performance optimization,Large dataset rendering,Virtual scrolling hoặc pagination,Virtual scrolling hoặc pagination,Pass
,,,,,,
KIỂM THỬ BẢO MẬT,,,,,,
ID,Nội dung kiểm thử,Dữ liệu đầu vào,Đầu ra,Thực tế,Pass/Fail
S01,XSS protection trong user input,Input chứa <script> tag,Script không được execute,Script không được execute,Pass
S02,CSRF protection cho API calls,Request không có valid token,Request bị reject,Request bị reject,Pass
S03,SQL injection protection,Input chứa SQL injection,Query không bị inject,Query không bị inject,Pass
S04,Authorization check cho admin routes,Non-admin user access,Access bị deny,Access bị deny,Pass
S05,Session validation,Invalid hoặc expired session,User bị logout,User bị logout,Pass
S06,Input sanitization,User input có special characters,Input được sanitize,Input được sanitize,Pass
S07,Rate limiting cho API,Quá nhiều requests trong thời gian ngắn,Requests bị throttle,Requests bị throttle,Pass
S08,Secure headers,HTTP response,Có security headers (CSP - HSTS - etc),Có security headers (CSP - HSTS - etc),Pass
,,,,,,
KIỂM THỬ HIỆU SUẤT,,,,,,
ID,Nội dung kiểm thử,Dữ liệu đầu vào,Đầu ra,Thực tế,Pass/Fail
P01,Page load time,Load trang chủ,< 3 giây,< 3 giây,Pass
P02,API response time,Call GET /api/projects,< 500ms,< 500ms,Pass
P03,Database query performance,Query với large dataset,< 100ms,< 100ms,Pass
P04,Image loading optimization,Load trang có nhiều images,Lazy loading hoạt động,Lazy loading hoạt động,Pass
P05,Bundle size optimization,Build production,Bundle size < 1MB,Bundle size < 1MB,Pass
P06,Memory usage,Sử dụng app trong thời gian dài,Memory không tăng liên tục,Memory không tăng liên tục,Pass
P07,CPU usage,Heavy operations,CPU usage hợp lý,CPU usage hợp lý,Pass
P08,Network requests optimization,Load multiple pages,Requests được cache,Requests được cache,Pass
,,,,,,
TỔNG KẾT,,,,,,
Loại kiểm thử,Tổng số,Pass,Fail,Tỷ lệ thành công,
Kiểm thử giao diện,15,15,0,100%,
Kiểm thử chức năng,20,20,0,100%,
Kiểm thử API,12,12,0,100%,
Kiểm thử Admin Dashboard,15,15,0,100%,
Kiểm thử tích hợp,10,10,0,100%,
Kiểm thử bảo mật,8,8,0,100%,
Kiểm thử hiệu suất,8,8,0,100%,
TỔNG CỘNG,88,88,0,100%,